data_boletim;casos_novos;confirmacoes_total;total_mortes;mortes_suspeitas;aguardando_resultado;curados;negativos;notificados;vagas_uti_HE;vagas_uti_HE_ocupadas;vagas_uti_regiao;vagas_uti_regiao_ocupadas;mortes_espera_uti
31/03/2020;2;2;0;0;0;0;0;2;;;;;
30/04/2020;7;106;7;0;0;0;0;106;;;;;
31/05/2021;71;177;8;0;0;0;0;177;;;;;
30/06/2021;1099;1276;15;0;0;0;0;1276;;;;;
31/07/2021;1227;2503;43;0;0;0;0;2503;;;;;
29/08/2020;29;7200;136;2;454;4755;29030;3201;;;;;
09/09/2020;222;8212;156;2;869;5397;32937;;;;;;
09/09/2020;222;;;;;;;;;;;;
11/09/2020;176;8351;160;;;5727;;;;;;;
12/09/2020;14;8545;162;;;5727;33350;;;;;;
14/09/2020;216;8761;163;;;6608;36277;;;;;;
15/09/2020;183;8944;166;1;824;6608;36673;;;;;;
16/09/2020;244;9188;166;1;632;6642;36923;;;;;;
17/09/2020;130;9318;166;;700;6642;37238;;;;;;
18/09/2020;227;9545;170;1;623;6642;37409;;;;;;
21/09/2020;301;9896;175;3;625;7063;38328;;;;;;
22/09/2020;174;10070;177;4;859;7188;38709;;;;;;
24/09/2020;177;10514;183;2;620;7440;39513;;;;;;
25/09/2020;;10670;;;;;39855;;;;;;
25/09/2020;156;10670;185;;725;7440;39855;;;;;;
28/09/2020;233;11004;191;2;801;7440;40351;;;;;;
29/09/2020;168;11172;193;;1052;8195;40611;;;;;;
30/09/2020;288;11460;196;;849;8368;40785;;;;;;
02/10/2020;184;11765;201;;994;8618;41359;;;;;;
05/10/2020;205;12031;207;;999;8653;41643;;;;;;
06/10/2020;159;12190;209;2;1100;8813;41944;;;;;;
07/10/2020;107;12297;210;3;;;;;;;;;
08/10/2020;149;12446;211;4;;;;;;;;;
11/10/2020;;12961;214;;;;;;;;;;
13/10/2020;152;13113;215;4;819;9312;42977;;;;;;
14/10/2020;98;13211;216;;1024;9406;43188;;;;;;
15/10/2020;149;13360;223;;943;9533;43516;;;;;;
16/10/2020;140;13500;225;;1296;9666;43840;;;;;;
19/10/2020;;14396;231;;1045;9757;;;;;;;
20/10/2020;101;14497;234;;1089;9757;44519;;;;;;
21/10/2020;53;14550;234;;994;9870;44860;;;;;;
22/10/2020;97;14467;238;;;10233;;;;;;;
23/10/2020;272;14919;240;;;;;;;;;;
24/10/2020;193;15112;240;2;792;10270;45334;;;;;;
25/10/2020;;15112;242;;;10270;45334;;;;;;
26/10/2020;177;15289;244;2;1110;10528;45674;;;;;;
27/10/2020;179;15468;244;3;914;10528;45917;;;;;;
28/10/2020;176;15644;246;;1017;10695;46051;;;;;;
30/10/2020;;15787;247;;;;;;;;;;
03/11/2020;84;15871;249;3;119;10913;46616;;;;;;
04/11/2020;168;16039;251;;170;11101;47106;;;;;;
09/11/2020;;16367;254;;;;;;;;;;
11/09/2020;82;16548;254;1;;11464;48457;;;;;;
12/11/2020;93;16641;254;;;11534;48530;;;;;;
13/11/2020;97;16738;256;;;;;;;;;;
15/11/2020;;;257;;;;;;;;;;
16/11/2020;60;16815;258;;;;;;;;;;
17/11/2020;84;16899;259;;219;11976;;;;;;;
19/11/2020;103;17106;260;1;157;12286;49790;;;;;;
20/11/2020;104;17210;261;1;281;12723;;;;;;;
21/11/2020;;17210;262;4;;;;;;;;;
23/11/2020;122;17332;265;;;;;;;;;;
24/11/2020;111;17443;265;;277;14100;50437;;;;;;
25/11/2020;146;17589;265;;166;14351;50629;;;;;;
26/11/2020;105;17694;265;;233;14678;50893;;;;;;
27/11/2020;155;17849;266;;260;14678;;;;;;;
28/11/2020;;;268;;;;;;;;;;
30/11/2020;81;17930;270;;;;;;;;;;
01/12/2020;122;18052;272;1;;;;;;;;;
02/12/2020;164;18216;273;;;;;;;;;;
03/12/2020;148;18364;274;;;;;;;;;;
04/12/2020;137;18501;274;1;;;;;;;;;
07/12/2020;268;18769;276;;;;;;;;;;
08/12/2020;207;18976;277;;;;;;;;;;
09/12/2020;95;19071;277;;186;15741;53209;;;;;;
10/12/2020;120;19191;279;;;;;;;;;;
11/12/2020;95;19286;279;;181;16006;53812;;;;;;
14/12/2020;;19286;283;;;;;;;;;;
15/12/2020;136;19422;284;;;;;;;;;;
16/12/2020;102;19524;284;;;16389;;;;;;;
17/12/2020;177;19701;284;;;;54665;;;;;;
18/12/2020;164;19865;284;;;16458;;;;;;;
21/12/2020;87;19952;288;;;;;;;;;;
22/12/2020;79;20031;288;;;16675;;;;;;;
23/12/2020;94;20125;290;;;;;;;;;;
24/12/2020;81;20206;290;1;295;17068;;;;;;;
25/12/2020;;20206;290;;;;;;;;;;
27/12/2020;;20206;293;3;330;17102;;;;;;;
28/12/2020;155;20361;295;;;;;;;;;;
29/12/2020;129;20490;296;;;;;;;;;;
30/12/2020;;20670;297;;318;17620;56857;77845;;;;;
31/12/2020;;20724;299;1;325;;56910;77959;;;;;
01/01/2021;0;20724;299;2;330;;56910;77964;;;;;
02/01/2021;0;20724;300;1;380;;56910;78014;;;;;
03/01/2021;0;20724;300;1;410;;56910;78044;;;;;
04/01/2021;177;20901;302;3;345;;57269;78515;;;;;
05/01/2021;124;21024;303;6;519;;57581;79124;;;;;
06/01/2021;214;21238;307;1;282;;57830;79350;;;;;
07/01/2021;161;21399;310;2;347;;58070;79816;;;;;
08/01/2021;199;21538;312;1;374;;58717;80629;;;;;
09/01/2021;132;21670;312;1;385;;58967;81022;;;;;
10/01/2021;0;21670;312;3;405;;58967;81042;;;;;
11/01/2021;119;21789;319;3;595;19065;59245;81629;;;;;
12/01/2021;194;21983;320;10;434;;59762;82179;;;;;
13/01/2021;110;22093;321;1;352;;60062;82507;;;;;
14/01/2021;273;22366;322;;326;19415;60358;83050;;;;;
15/01/2021;197;22563;322;2;320;;61020;83903;;;;;
16/01/2021;249;22812;322;4;401;;61345;84558;;;;;
17/01/2021;0;22812;322;4;425;;61345;84582;50;48;158;139;
18/01/2021;283;23087;327;3;322;19811;60881;84290;50;49;158;139;
19/01/2021;227;23314;332;3;322;19995;61005;84641;50;48;158;142;
20/01/2021;126;23440;332;2;398;;61156;84994;50;50;158;151;
21/01/2021;155;23555;337;0;307;20098;62085;85947;50;47;158;156;
22/01/2021;223;23818;338;2;318;;62426;86562;50;49;158;160;
23/01/2021;209;24027;338;3;356;;62498;86881;50;49;158;156;
24/01/2021;0;24027;338;5;399;;62498;86924;50;50;158;155;
25/01/2021;257;24284;343;7;494;;62787;87565;50;50;158;158;
26/01/2021;186;24470;345;8;555;;63191;88216;50;47;158;164;
27/01/2021;272;24742;350;6;294;;63718;88754;50;49;158;158;
28/01/2021;119;24861;353;0;215;;64078;89154;50;49;158;163;
29/01/2021;271;25132;354;0;283;;64322;89737;50;50;158;163;
30/01/2021;108;25240;354;0;306;;64480;90026;50;50;158;164;
31/01/2021;0;25240;354;0;376;;64480;90096;50;49;158;163;
01/02/2021;112;25352;359;2;286;;64788;90426;50;50;158;158;
02/02/2021;119;25471;361;0;294;;65117;90082;50;49;158;156;
03/02/2021;153;25624;364;0;172;;65348;91144;50;48;158;150;
04/02/2021;128;25752;364;1;205;;65875;91832;50;50;158;153;
05/02/2021;132;25884;372;3;226;22098;66101;92211;50;50;158;156;
06/02/2021;20;25904;372;4;298;;66199;92401;50;50;158;160;
07/02/2021;0;25904;372;5;306;;66199;92409;50;50;158;155;
08/02/2021;287;26191;377;3;430;;66629;93250;50;48;158;158;
09/02/2021;134;26325;383;3;279;22458;66908;93512;50;48;158;156;
10/02/2021;147;26472;385;3;198;22610;67136;93806;50;50;158;163;
11/02/2021;98;26570;388;2;190;22784;67607;94367;50;49;158;156;
12/02/2021;240;26810;392;4;261;;68024;95095;50;48;158;158;
13/02/2021;108;26918;392;4;298;;68215;95431;50;50;158;163;
14/02/2021;0;26918;392;6;298;;68215;95431;50;50;158;163;
15/02/2021;111;27029;396;1;261;;68024;95431;50;51;158;155;
16/02/2021;106;27135;398;2;184;;68849;96168;50;50;158;160;
17/02/2021;218;27135;398;2;184;;68849;96168;50;50;158;156;
18/02/2021;173;27526;401;0;190;23615;69352;97068;50;50;158;156;
19/02/2021;134;27660;403;1;163;23755;69565;97388;50;50;158;156;
20/02/2021;98;27758;403;1;178;;69604;97540;50;50;158;156;
21/02/2021;0;27758;403;2;215;;69604;97577;50;50;158;163;
22/02/2021;101;27859;404;3;187;;69899;97945;50;50;158;161;
23/02/2021;131;27790;407;3;284;24158;70005;98279;50;49;158;163;
24/02/2021;115;28105;412;1;238;24358;70080;98423;50;50;158;160;
25/02/2021;85;28180;416;;238;24595;70308;98736;50;50;158;160;
26/02/2021;72;28262;417;1;200;;70484;98946;50;50;158;163;
27/02/2021;0;28262;417;3;235;;70484;98981;50;50;158;165;
01/03/2021;0;28262;418;2;332;;70902;99496;50;50;158;173;
02/03/2021;184;28446;491;4;308;;71232;99986;50;50;158;173;
03/03/2021;180;28628;427;4;202;;71722;100550;50;50;158;171;
04/03/2021;0;28628;427;4;197;;72035;100858;50;59;158;166;
05/03/2021;195;28821;432;0;179;;72253;101313;50;56;158;163;
06/03/2021;183;29004;432;0;211;;72310;101493;50;51;158;160;
07/03/2021;0;29004;432;5;235;;72310;101549;50;53;158;156;
08/03/2021;360;29364;442;4;310;26681;72501;102175;50;53;158;163;
09/03/2021;165;29529;451;1;218;;72568;102315;50;53;158;169;
10/03/2021;237;29766;455;2;218;;72568;102552;50;53;158;171;
11/03/2021;110;29876;457;4;249;;72866;102991;50;55;158;182;
12/03/2021;140;30016;460;3;299;;72950;103265;50;58;158;183;
13/03/2021;113;30129;460;8;299;;72950;103378;50;58;158;188;
14/03/2021;0;30129;460;9;310;;72950;103378;50;58;158;182;
15/03/2021;152;30281;471;3;369;27530;73199;103849;50;61;175;213;
16/03/2021;139;30420;474;3;300;;73499;104219;50;59;175;173;
17/03/2021;15;30435;477;8;405;;74097;104937;50;60;175;203;
18/03/2021;298;30733;487;6;361;;74464;105558;50;60;175;191;
19/03/2021;53;30768;497;1;424;28245;74584;105794;50;60;175;187;
20/03/2021;128;30914;497;4;387;;74617;105918;50;63;175;196;
21/03/2021;0;30914;497;5;415;;74617;105946;50;60;175;193;
22/03/2021;118;31032;509;5;471;;75139;106642;50;57;175;193;
23/03/2021;298;31330;520;7;309;28310;75656;107295;50;57;175;193;
24/03/2021;325;31655;529;7;531;28572;76213;108399;50;53;175;175;31
25/03/2021;224;31879;533;9;332;28580;76516;108727;60;60;175;179;
26/03/2021;258;32137;543;6;343;28922;76883;109363;60;62;175;193;37
27/03/2021;0;32137;544;8;157;;77275;109569;60;66;175;196;41
28/03/2021;0;32137;544;17;215;;77275;109627;60;68;175;196;
29/03/2021;215;32352;558;21;373;;77466;110191;60;64;175;191;
30/03/2021;411;32763;571;12;452;29556;77607;110822;60;75;175;201;45
31/03/2021;200;32963;579;8;274;29669;77971;111208;60;65;175;173;47
01/04/2021;210;33173;589;5;240;;78229;111642;60;65;175;191;49
02/04/2021;182;33355;589;9;240;;78229;111824;60;65;175;198;
03/04/2021;47;33402;589;15;297;;78354;112053;60;64;175;200;
04/04/2021;11;33413;589;21;315;;78360;112088;60;62;175;191;
05/04/2021;85;33498;604;20;454;30246;78733;112685;60;63;175;200;53
06/04/2021;203;33701;618;12;362;30289;78937;113000;60;69;175;207;55
07/04/2021;214;33915;629;8;346;30417;79185;113446;60;70;175;196;
08/04/2021;162;34077;636;7;243;30489;79496;113816;60;70;175;196;
09/04/2021;296;34373;646;4;223;30523;79763;114359;60;70;175;191;
10/04/2021;163;34536;646;7;223;;79763;114522;60;65;175;186;
11/04/2021;0;34536;646;10;268;;79763;114567;60;63;175;186;
12/04/2021;194;34730;664;2;339;31346;80056;115125;60;68;175;189;
13/04/2021;140;34870;672;1;352;31594;80352;115574;60;66;175;186;
14/04/2021;196;35066;677;2;308;31600;80714;116088;60;64;175;178;
15/04/2021;250;35316;681;1;217;31600;80981;116514;60;68;175;184;
16/04/2021;377;35693;685;3;242;;81232;117167;60;58;175;180;
17/04/2021;101;35794;685;7;258;;81380;117432;60;60;175;180;
18/04/2021;0;35794;685;10;278;;81380;117452;60;64;175;177;
19/04/2021;157;35951;694;11;310;32584;81420;117681;60;62;175;173;
20/04/2021;158;36109;702;6;270;32766;81552;117931;60;61;175;173;
21/04/2021;203;36312;702;10;285;;81610;118207;60;60;175;175;
22/04/2021;135;36447;715;9;163;32824;81822;118432;60;58;175;172;
23/04/2021;12;36459;722;10;218;;81993;118670;60;59;175;179;
24/04/2021;315;36774;722;12;237;;82105;119116;60;58;175;177;
25/04/2021;145;39919;722;14;290;;82210;119419;60;60;175;184;
26/04/2021;263;37182;732;8;403;33441;82663;120248;60;61;175;184;
27/04/2021;422;37604;739;6;272;;82778;120654;60;62;175;186;
28/04/2021;285;37889;747;3;233;33890;82928;121050;60;65;175;198;
29/04/2021;254;38143;748;4;212;;82971;121326;60;67;175;187;
30/04/2021;24;38167;755;1;209;34066;83273;121649;60;64;175;182;
01/05/2021;210;38377;756;3;210;34198;83329;121916;60;68;175;178;
02/05/2021;0;38377;756;4;225;;83329;121931;60;68;175;184;
03/05/2021;280;38657;764;1;265;35110;83627;122549;60;75;175;185;
04/05/2021;274;38931;765;3;317;35410;83435;122683;60;66;175;184;
05/05/2021;338;39269;772;2;258;35780;83491;123018;60;62;175;175;
06/05/2021;304;39573;774;3;240;35810;83830;123643;60;63;175;173;
07/05/2021;178;39924;779;5;314;36125;84035;124273;60;60;175;168;
08/05/2021;173;39924;779;5;350;;84035;124309;60;60;175;175;
09/05/2021;0;39924;779;7;365;;84035;124324;60;61;175;175;
10/05/2021;201;40125;791;0;390;36283;84340;124855;60;64;175;179;
11/05/2021;155;40280;795;2;313;36548;84417;125010;60;64;175;179;
12/05/2021;138;40418;798;2;296;36751;84648;125362;60;62;175;175;
13/05/2021;132;40550;801;3;266;36810;86972;127788;60;62;175;173;
14/05/2021;176;40726;805;2;386;36915;87484;128596;60;59;175;172;
15/05/2021;187;40913;808;2;295;37087;87672;128880;60;62;175;175;
16/05/2021;180;41093;808;4;302;;87720;129115;60;59;175;173;
17/05/2021;89;41182;816;3;334;37189;88015;129521;60;58;175;172;
18/05/2021;147;41329;823;5;383;37258;88201;129913;60;59;175;172;
19/05/2021;304;41633;827;5;347;37452;88412;130392;60;58;175;173;
20/05/2021;227;41860;828;3;232;37520;88516;130608;60;61;175;177;
21/05/2021;211;42071;831;3;221;37615;88709;131001;60;62;175;179;
22/05/2021;122;42193;834;3;215;38166;88830;131238;60;63;175;175;
23/05/2021;0;42193;834;7;256;;88830;131279;60;60;175;173;
24/05/2021;135;42328;841;5;465;38315;89133;131926;60;60;175;179;
25/05/2021;248;42576;845;7;374;38420;89543;132493;60;64;175;177;
26/05/2021;35;42611;858;5;320;38530;90022;132953;60;62;175;175;
27/05/2021;0;42611;864;6;325;38689;90254;133190;60;62;175;177;
28/05/2021;577;43188;871;6;406;38759;90516;134110;60;62;175;175;
29/05/2021;161;43349;875;4;406;;90516;134217;60;62;175;173;
30/05/2021;0;43349;875;8;435;;90516;134300;60;62;175;175;
31/05/2021;246;43595;887;6;418;38959;90876;134889;60;61;175;175;
01/06/2021;22;43617;892;3;569;39315;90966;135152;60;60;175;172;
02/06/2021;426;44043;898;10;444;40105;91441;135928;60;62;175;172;
03/06/2021;325;44368;898;7;467;40285;91768;136603;60;65;175;172;
04/06/2021;279;44647;901;14;498;40366;92032;137177;60;67;175;177;
05/06/2021;198;44845;901;17;512;;92105;137462;60;67;175;175;
06/06/2021;45;44890;901;19;530;;92124;137544;60;65;175;175;
07/06/2021;28;44918;911;20;630;;92210;137758;60;65;175;172;
08/06/2021;212;45130;924;13;719;;92683;138532;60;64;175;173;
09/06/2021;418;45348;930;6;335;41359;92930;138813;60;66;175;175;
10/06/2021;331;45879;940;8;343;41410;93097;139319;60;70;175;182;100
11/06/2021;321;46200;949;9;300;42250;93499;139999;60;68;175;179;
12/06/2021;795;46995;951;2;210;;94091;141296;60;67;175;182;
13/06/2021;43;47038;953;2;257;;94128;141423;60;69;175;179;
14/06/2021;256;47294;962;5;407;42815;94216;141917;60;64;175;179;
15/06/2021;452;47746;968;9;436;43101;94401;142583;60;64;175;172;
16/06/2021;462;48208;972;4;380;43254;94557;143145;60;68;175;179;
17/06/2021;278;48486;978;8;394;43398;94756;143636;60;64;175;180;
18/06/2021;351;48837;986;4;279;43538;95121;144237;60;66;175;184;
19/06/2021;432;49269;992;4;210;43608;95409;144888;60;62;175;184;
20/06/2021;35;49304;997;3;215;43687;95501;145020;60;68;175;184;
21/06/2021;180;49484;1009;8;255;43701;95579;145318;60;66;175;186;
22/06/2021;384;49868;1021;3;262;43800;95727;145857;60;66;175;184;
23/05/2021;246;50114;1030;1;340;;95951;146405;60;64;175;179;
24/06/2021;323;50437;1033;3;326;44256;96274;147037;60;62;175;182;
25/06/2021;276;50713;1036;3;354;44301;96469;147536;60;62;175;179;
26/06/2021;278;50991;1037;1;354;;96826;148171;60;64;175;184;
27/06/2021;0;50991;1037;2;384;;96826;148201;60;67;175;182;
28/06/2021;116;51107;1045;3;683;;96936;148726;60;67;175;179;
29/06/2021;0;51107;1050;5;411;45150;97211;148279;60;64;175;180;
30/06/2021;228;51335;1057;0;488;46044;97466;149289;60;61;175;180;
01/07/2021;273;51608;1065;1;320;46100;97743;149671;60;60;175;182;
02/07/2021;354;51962;1073;2;229;46322;97973;150164;60;60;175;198;
03/07/2021;266;52228;1074;2;117;;98181;150526;60;60;175;186;
04/07/2021;0;52228;1074;3;187;46410;98181;150596;60;58;175;187;
05/07/2021;284;52512;1076;5;437;47508;98181;151130;60;57;175;186;
06/07/2021;0;52512;1081;3;380;47851;98584;151476;60;58;175;177;
07/07/2021;403;52915;1092;3;274;48227;98767;151956;60;58;175;175;
08/07/2021;242;53157;1096;3;242;48307;99199;152598;60;56;175;175;
09/07/2021;0;53157;1096;3;167;;99199;152523;60;59;175;182;
10/07/2021;233;53390;1097;4;98;48847;99266;152754;60;58;175;175;
11/07/2021;0;53390;1097;5;110;49100;99266;152766;60;58;175;170;
12/07/2021;152;53542;1104;6;394;49408;99525;153461;60;59;175;173;
13/07/2021;176;53911;1110;6;432;50001;99775;153925;60;58;175;173;
14/07/2021;193;53911;1110;1;415;50001;99987;154313;60;57;175;182;
15/07/2021;109;54020;1114;1;343;50020;100167;154530;60;54;175;173;
16/07/2021;103;54124;1119;2;267;;100233;154623;60;60;175;170;
17/07/2021;231;54354;1121;2;78;;100464;154896;60;51;175;145;
18/07/2021;0;54354;1121;5;95;;100464;154913;60;50;175;156;
19/07/2021;181;54355;1128;4;436;50543;100726;155697;60;50;175;156;
20/07/2021;131;54667;1130;4;189;51110;101057;155913;60;49;175;156;
21/07/2021;213;54880;1131;6;73;51210;101318;156271;60;47;175;159;
22/07/2021;182;55062;1134;9;307;51250;101565;156934;60;49;175;152;
23/07/2021;223;55285;1142;2;236;;101755;157276;60;46;175;142;
24/07/2021;128;55413;1142;4;57;;101927;157397;60;46;175;151;
25/07/2021;0;55413;1142;5;77;;101927;157417;60;46;175;138;
26/07/2021;96;55509;1146;9;362;52120;102078;157949;60;46;175;138;
27/07/2021;131;55640;1152;6;376;52230;102356;158372;60;46;175;135;
28/07/2021;168;55808;1162;3;236;52293;102531;158575;60;45;175;133;
29/07/2021;110;55918;1166;1;160;;102886;158964;60;40;175;98;
30/07/2021;239;56157;1169;3;179;52438;103089;159425;60;43;175;123;
31/07/2021;124;56281;1170;2;58;;103130;159469;60;42;175;116;
01/08/2021;0;56281;1170;2;87;;103130;159498;60;43;175;123;
02/08/2021;97;56378;1176;2;221;52906;103240;159839;60;44;175;121;
03/08/2021;185;56563;1179;3;184;53004;103461;160208;60;45;175;124;
04/08/2021;146;56709;1179;2;238;;103645;160592;60;43;175;107;
05/08/2021;100;56809;1180;1;178;53233;103864;160851;60;42;175;100;
06/08/2021;172;56981;1181;1;170;53407;104052;161203;60;41;175;107;
07/08/2021;99;57080;1181;3;20;;104202;161302;60;41;175;105;
08/08/2021;0;57080;1181;3;46;53928;104202;161328;60;39;175;103;
09/08/2021;48;57128;1186;1;331;;104295;161754;60;32;175;109;
10/08/2021;156;57284;1189;3;162;54143;104452;161898;60;36;175;102;
11/08/2021;121;57405;1194;0;214;54271;104698;162317;60;37;175;100;
12/08/2021;77;57482;1196;0;168;54271;104892;162542;60;37;175;100;
13/08/2021;202;57684;1197;2;195;54363;105029;162908;60;35;175;86;
14/08/2021;143;57827;1198;1;53;54488;105171;163051;60;35;175;67;
15/08/2021;0;57827;1198;1;97;;105171;163095;60;35;175;79;
16/08/2021;56;57883;1201;3;195;54752;105228;163306;60;35;175;82;
17/08/2021;68;57951;1202;1;164;54988;105366;163481;60;34;175;82;
18/08/2021;146;58097;1202;0;114; ;105537;163748;60;31;175;75;
19/08/2021;61;58158;1202;0;162;55111;105853;164173;60;31;175;72;
20/08/2021;143;58301;1204;0;143;55202;105929;164373;60;31;175;72;
21/08/2021;43;58344;1204;1;42;;105929;164315;60;31;175;81;
22/08/2021;0;58344;1204;1;78;;105929;164351;60;29;175;75;
23/08/2021;4;58348;1205;3;176;;106182;164706;60;30;175;74;
24/08/2021;3;58351;1206;3;175;;106379;164905;60;27;175;74;
25/08/2021;20;58371;1209;0;118;55899;106510;164999;60;26;175;75;
26/08/2021;101;58472;1209;0;162;;106718;165352;60;26;175;53;
27/08/2021;23;58495;1209;0;117;55942;106834;165446;60;27;175;75;
28/08/2021;60;58555;1209;0;25;56095;106834;165414;60;25;175;74;
29/08/2021;0;58555;1209;0;33;56095;106834;165422;60;26;175;67;
30/08/2021;29;58584;1209;1;102;;107097;165783;60;27;175;70;
31/08/2021;24;58608;1210;2;109;;107207;165924;60;29;175;56;
01/09/2021;49;58657;1211;0;120;56895;107313;166090;60;23;175;61;
02/09/2021;23;58680;1211;0;75;;107423;166178;60;25;175;70;
03/09/2021;106;58786;1212;0;87;57103;107562;166435;60;26;175;70;
04/09/2021;26;58812;1212;0;0;;107582;166394;60;26;175;67;
05/09/2021;0;58812;1212;0;30;;107582;166424;60;23;175;44;
06/09/2021;0;58812;1212;0;55;;107582;166449;60;22;175;44;
07/09/2021;0;58812;1212;1;65;;107582;166459;60;22;175;44;
08/09/2021;17;58829;1215;1;224;57203;107741;166794;60;18;175;25;
09/09/2021;127;58956;1217;2;123;57203;107861;166940;60;18;175;26;
10/09/2021;132;59088;1220;1;77;57235;107972;167137;60;9;175;23;
11/09/2021;139;59227;1222;1;25;57265;108013;167265;60;8;175;23;
12/09/2021;0;59227;1222;1;42;;108013;167282;60;17;175;23;
13/09/2021;11;59238;1223;3;145;;108133;167516;60;19;175;21;
14/09/2021;38;59276;1225;1;71;57298;108204;167551;60;18;175;18;
15/09/2021;25;59301;1225;1;109;57311;108348;167758;60;17;175;26;
16/09/2021;341;59642;1225;0;84;;108463;168189;60;18;175;30;
17/09/2021;42;59684;1225;0;94;57399;108561;168339;60;19;175;30;
18/09/2021;585;59984;1225;0;25;;108561;168570;60;17;175;30;
19/09/2021;285;60269;1225;0;25;;108561;168855;60;17;175;30;
20/09/2021;0;60269;1227;0;136;57436;108680;169085;60;17;175;26;
21/09/2021;210;60479;1227;0;90;;108728;169295;60;17;175;21;
22/09/2021;143;60479;1228;0;91;57585;108947;169517;60;17;175;21;
23/09/2021;42;60521;1228;0;61;;109049;169631;60;17;175;23;
24/09/2021;5;60526;1228;0;108;;109136;169770;60;17;175;23;
25/09/2021;0;;;;;;;;;;;;
26/09/2021;0;;;;;;;;;;;;
27/09/2021;;59229;1233;0;140;;111161;170530;60;16;175;18;
28/09/2021;0;60533;1228;0;113;57610;109331;168977;60;16;175;18;
29/09/2021;0;58931;1228;0;76;;109401;168408;60;15;175;14;
30/09/2021;5;58869;1228;0;90;;109515;168474;60;14;175;12;
01/10/2021;16;58821;1228;0;0;;109678;168499;60;14;175;12;
02/10/2021;0;;;;;;;;;;;;
03/10/2021;0;;;;;;;;;;;;
04/10/2021;13;58834;1228;0;4;;109853;168691;60;12;175;18;
05/10/2021;73;58907;1228;0;4;;109978;168889;60;11;175;18;
06/10/2021;9;58916;1228;0;0;;110073;168989;60;11;175;12;
07/10/2021;2;58918;1228;0;3;;110170;169091;60;11;175;12;
08/10/2021;99;;;;;;;;;;;;
09/10/2021;2;58920;1228;0;8;57606;110257;169185;60;11;175;14;
10/10/2021;0;;;;;;;;;;;;
11/10/2021;0;;;;;;;;;;;;
12/10/2021;0;;;;;;;;;;;;
13/10/2021;55;58975;1228;0;0;;;;;;;;
14/10/2021;0;58975;1228;0;0;58235;110591;169566;60;11;175;14;
15/10/2021;71;58991;1228;0;0;57606;110790;169700;60;4;175;14;
16/10/2021;;;;;;;;;;;;;
17/10/2021;;;;;;;;;;;;;
18/10/2021;;;;;;;;;;;;;
19/10/2021;;;;;;;;;;;;;
20/10/2021;;58991;1229;;;;;;;;;;
21/10/2021;;;;;;;;;;;;;
22/10/2021;143;59134;1231;0;7;57761;110735;169876;;;;;
23/10/2021;;;;;;;;;;;;;
24/10/2021;;;;;;;;;;;;;
25/10/2021;;;;;;;;;;;;;
26/10/2021;;;;;;;;;;;;;
27/10/2021;;;;;;;;;;;;;
28/10/2021;;;;;;;;;;;;;
29/10/2021;95;;;;;;;;;;;;
30/10/2021;;;;;;;;;;;;;
31/10/2021;;;;;;;;;;;;;
01/11/2021;;;;;;;;;;;;;
02/11/2021;;;;;;;;;;;;;
03/11/2021;;59229;;;;;;;;;;;
04/11/2021;;;;;;;;;;;;;
05/11/2021;118;59347;1234;0;233;;111400;170980;20;4;164;33;
06/11/2021;9;;;;;;;;;;;;
07/11/2021;12;;;;;;;;;;;;
08/11/2021;11;;;;;;;;;;;;
09/11/2021;10;;;;;;;;;;;;
10/11/2021;24;;;;;;;;;;;;
11/11/2021;41;;;;;;;;;;;;
12/11/2021;25;59479;1234;0;308;57903;111901;171688;20;5;164;20;
13/11/2021;0;;;;;;;;;;;;
14/11/2021;0;;;;;;;;;;;;
15/11/2021;0;;;;;;;;;;;;
16/11/2021;25;;;;;;;;;;;;
17/11/2021;32;;;;;;;;;;;;
18/11/2021;30;;;;;;;;;;;;
19/11/2021;7;59573;1234;0;229;;112138;171940;20;2;164;57;
20/11/2021;0;;;;;;;;;;;;
21/11/2021;0;;;;;;;;;;;;
22/11/2021;20;;;;;;;;;;;;
23/11/2021;35;;;;;;;;;;;;
24/11/2021;23;;;;;;;;;;;;
25/11/2021;16;;;;;;;;;;;;
26/11/2021;8;59675;1236;0;448;58225;112596;172719;20;2;164;66;
27/11/2021;0;;;;;;;;;;;;
28/11/2021;0;;;;;;;;;;;;
29/11/2021;20;;;;;;;;;;;;
30/11/2021;22;;;;;;;;;;;;
01/12/2021;23;;;;;;;;;;;;
02/12/2021;20;;;;;;;;;;;;
03/12/2021;0;59760;1238;0;306;;112997;173063;20;1;113;28;
17/12/2021;10;;;;;;;;;;;;
18/12/2021;0;;;;;;;;;;;;
19/12/2021;0;;;;;;;;;;;;
20/12/2021;0;;;;;;;;;;;;
21/12/2021;0;;;;;;;;;;;;
22/12/2021;12;;;;;;;;;;;;
23/12/2021;19;59941;1240;0;204;;113980;174125;20;1;113;23;
24/12/2021;15;;;;;;;;;;;;
25/12/2021;25;;;;;;;;;;;;
26/12/2021;28;;;;;;;;;;;;
27/12/2021;20;;;;;;;;;;;;
28/12/2021;14;;;;;;;;;;;;
29/12/2021;9;;;;;;;;;;;;
30/12/2021;4;60056;1240;0;182;;114599;174837;20;2;113;45;
05/01/2022;44;;;;;;;;;;;;
06/01/2022;258;;;;;;;;;;;;
07/01/2022;73;60716;1241;4;100;58798;116978;;20;3;113;21;
10/01/2022;312;;;;;;;;;;;;
11/01/2022;157;61185;1244;2;534;59105;118558;180277;10;10;103;32;
12/01/2022;88;61273;1244;2;585;;119165;181023;10;10;103;32;
13/01/2022;154;61427;1244;0;234;;119923;181584;10;8;103;35;
14/01/2022;465;61891;1245;4;828;59415;120452;183171;10;9;103;36;
17/01/2022;824;62715;1247;3;417;;121399;184531;10;10;103;37;
18/01/2022;264;62979;1251;1;441;59745;121662;185082;10;10;103;48;
19/01/2022;374;63353;1252;2;292;59812;122103;185748;10;10;103;48;
20/01/2022;701;64054;1256;2;684;59928;122653;187391;10;9;91;49;
21/01/2022;204;64258;1256;2;1362;;122837;188457;10;10;103;56;
24/01/2022;396;64654;1261;3;2010;60106;123103;189767;10;10;103;56;
25/01/2022;765;65419;1263;12;716;60215;123375;189510;10;10;103;68;
26/01/2022;687;66106;1268;9;909;60310;123862;190877;10;10;103;70;
27/01/2022;569;66675;1276;9;651;60510;124038;191354;10;10;103;68;
28/01/2022;530;67205;1284;9;292;61315;124306;191803;10;10;103;70;
31/01/2022;1319;68524;1292;7;349;61415;125141;194014;10;10;103;68;
01/02/2022;735;69259;1300;9;288;61524;125551;195098;10;10;103;89;
02/02/2022;613;69872;1309;3;207;61598;125962;196041;10;10;103;89;
03/02/2022;713;70585;1316;3;155;61610;126332;197072;10;10;103;95;
04/02/2022;467;71052;1319;1;162;61678;126732;197946;10;10;112;87;
07/02/2022;862;71914;1326;6;146;61725;127327;199387;10;10;112;89;
08/02/2022;450;72364;1331;5;52;61791;127730;200146;10;10;112;90;
09/02/2022;873;73237;1337;2;17;61867;128107;201361;10;9;112;91;
10/02/2022;184;73421;1338;3;10;62015;128451;201882;10;10;112;91;
11/02/2022;696;74117;1343;1;23;62098;129090;203230;10;9;112;91;
14/02/2022;650;74767;1351;3;31;62115;129637;204435;10;10;112;91;
15/02/2022;510;75277;1352;3;34;62158;130093;205404;10;4;112;94;
17/02/2022;554;78323;1357;2;3;66128;130791;209117;10;10;112;95;
18/02/2022;446;78769;1357;2;7;;131315;210091;10;10;112;92;
21/02/2022;1633;80402;1359;4;7;70510;131852;212261;10;4;112;91;
22/02/2022;171;80573;1361;4;10;71258;132199;212782;10;4;112;91;
23/02/2022;420;80993;1362;1;8;71815;132404;213405;10;10;112;88;
24/02/2022;221;81214;1363;2;2;72018;132726;213942;10;9;112;88;
25/02/2022;178;81392;1365;0;12;72235;132964;214368;10;10;112;75;
02/03/2022;0;81392;1367;1;;;;;;;;;
03/03/2022;23;81415;1370;0;34;73915;133706;215155;10;10;112;72;
04/03/2022;6;81421;1373;0;6;74510;133907;215334;10;9;112;75;
08/03/2022;12;81433;1376;3;3;75815;134071;215507;10;8;75;53;
09/03/2022;10;81443;1378;2;18;76210;134195;215656;10;7;75;52;
10/03/2022;7;81450;1379;1;3;76475;134286;;10;7;75;48;
11/03/2022;3;81453;1381;1;5;76715;134718;216176;10;3;75;46;